categorize, tp=58, ts=1775731958, user="PantheraLeo1359531", bot=False
categorize, tp=58, ts=1775731958, user="PantheraLeo1359531", bot=False
edit, tp=59, ts=1775731959, user="Ranjithsiji", bot=False
edit, tp=59, ts=1775731959, user="Bargioni", bot="False"
categorize, tp=58, ts=1775731958, user="PantheraLeo1359531", bot=False
new, tp=59, ts=1775731959, user="CavlakBOT", bot=True
log, tp=59, ts=1775731959, user="Ladsgroup", bot=True
edit, tp=59, ts=1775731959, user="AmeisenBot", bot=True
new, tp=59, ts=1775731959, user="Amelie.llc", bot=False
edit, tp=60, ts=1775731960, user="GA Kevin", bot=False
edit, tp=59, ts=1775731959, user="Obutuson", bot=False
edit, tp=59, ts=1775731959, user="Nomadbones", bot="False"
categorize, tp=59, ts=1775731959, user="Pedemann", bot=False
log, tp=59, ts=1775731959, user="Ladsgroup", bot=True
categorize, tp=59, ts=1775731959, user="AtUkrBot", bot=False
categorize, tp=59, ts=1775731959, user="AtUkrBot", bot=False
edit, tp=59, ts=1775731959, user="Ranjithsiji", bot=False
edit, tp=59, ts=1775731959, user="Bot de pluie", bot=True
edit, tp=60, ts=1775731960, user="Jan Arkesteijn", bot=False
edit, tp=60, ts=1775731960, user="Bargioni", bot=False
edit, tp=59, ts=1775731959, user="FlickrResourcesBot", bot=True
log, tp=58, ts=1775731958, user="DPLA bot", bot=True
edit, tp=58, ts=1775731958, user="~2026-19400-01", bot=False
edit, tp=58, ts=1775731958, user="~2026-94700-6", bot=False
categorize, tp=59, ts=1775731959, user="CavlakBOT", bot=True
edit, tp=55, ts=1775731955, user="Adam Salter", bot=False
edit, tp=59, ts=1775731959, user="SchlurcherBot", bot=True
categorize, tp=59, ts=1775731959, user="CavlakBOT", bot=True
edit, tp=60, ts=1775731960, user="AtUkrBot", bot=False
categorize, tp=59, ts=1775731959, user="CavlakBOT", bot=True
edit, tp=58, ts=1775731958, user="Domen von Wielkopolska", bot=False
edit, tp=60, ts=1775731960, user="高晶", bot=False
new, tp=60, ts=1775731960, user="Shuaib-bot", bot=True
edit, tp=60, ts=1775731960, user="Rkieferbot", bot=True
categorize, tp=59, ts=1775731959, user="Amelie.llc", bot=False
log, tp=60, ts=1775731960, user="Ladsgroup", bot=True